{
  "dataset": "Real-World Calibrated (300 flights, IATA-calibrated)",
  "results": [
    {
      "method": "CP-SAT (Exact)",
      "profit_tl": 84949100.0,
      "cancellations": 0,
      "delay_min_avg": 0,
      "solve_time_sec": 0.0006601810455322266
    },
    {
      "method": "Tabu Search",
      "profit_tl": 82515901.10354984,
      "cancellations": 45,
      "delay_min_avg": 12.213259763344096,
      "solve_time_sec": 0.0011692047119140625
    },
    {
      "method": "LNS",
      "profit_tl": 84816009.25233902,
      "cancellations": 0,
      "delay_min_avg": 8.872716510732213,
      "solve_time_sec": 0.012883663177490234
    },
    {
      "method": "CP-SAT + QIGA (Proposed)",
      "profit_tl": 84330599.91231743,
      "cancellations": 11,
      "delay_min_avg": 4.5666725121713,
      "solve_time_sec": 0.0008363723754882812
    }
  ],
  "summary": {
    "baseline_method": "CP-SAT (Exact)",
    "best_method": "CP-SAT (Exact)",
    "improvement_pct": -0.15667116857150887,
    "timestamp": "2026-04-20T12:15:54.511586"
  }
}